station,n_rows,n_valid_flow,valid_ratio,date_min,date_max,span_days,density_per_day,median_gap_days,p90_gap_days,max_gap_days,flow_min,flow_max,flow_median,flow_std,n_negative,n_zero
万合永,1636,1004,0.6137,2014-05-21,2024-06-28,3692,0.2719,1.0,3.0,225.0,0.0,13.0,0.0,1.2443,0,505
三家子,604,604,1.0,2014-06-03,2020-06-01,2191,0.2757,1.0,2.0,244.0,0.42,9.38,1.19,1.0212,0,0
三岔河,1590,518,0.3258,2014-01-01,2024-06-28,3832,0.1352,0.75,10.0,1547.25,0.0,0.0,0.0,0.0,0,518
下岱吉,4213,4021,0.9544,2014-01-07,2024-06-28,3826,1.051,1.0,1.0,134.0,0.0,8610.0,1080.0,1450.3425,0,33
东丰,1504,1287,0.8557,2014-01-21,2024-06-28,3812,0.3376,1.0,10.0,141.0,0.0,292.0,1.0,17.9375,0,308
东明,1893,1778,0.9392,2014-01-11,2024-06-28,3822,0.4652,1.0,8.0,141.0,0.0,2010.0,40.95,149.4335,0,42
东村,2618,2077,0.7934,2014-01-21,2024-06-28,3812,0.5449,0.75,5.0,151.0,0.0,3110.0,50.0,162.5125,0,83
东白城子,1872,1666,0.89,2014-01-01,2024-06-28,3832,0.4348,1.0,3.55,269.0,0.0,1410.0,1.085,46.4244,0,74
东陵,773,761,0.9845,2014-06-03,2020-06-01,2191,0.3473,1.0,10.0,182.0,0.0,43.0,0.111,2.0096,0,2
义县,2035,1998,0.9818,2014-01-01,2024-06-28,3832,0.5214,1.0,3.0,141.0,0.0,310.0,10.0,30.6768,0,4
乌丹(四),1859,870,0.468,2014-06-06,2024-06-28,3676,0.2367,1.0,2.0,409.0,0.0,39.2,0.0,2.2821,0,813
九连洞,926,926,1.0,2014-01-01,2024-06-28,3832,0.2416,1.0,10.0,1138.25,0.03,180.0,1.0,8.4391,0,0
二道河子,909,908,0.9989,2014-01-01,2024-06-28,3832,0.237,1.0,10.0,1138.25,0.318,53.0,2.0,5.3719,0,0
二道白河,1822,1213,0.6658,2016-06-01,2024-06-28,2950,0.4112,0.75,1.0,263.0,0.0,45.5,4.0,3.0317,0,79
五道沟,2552,2111,0.8272,2014-01-21,2024-06-28,3812,0.5538,0.75,5.0,141.0,0.0,3040.0,57.0,216.7011,0,81
他拉干（五）,1280,613,0.4789,2014-06-21,2024-06-28,3661,0.1674,1.0,1.0,875.0,0.0,11.6,0.0,2.4993,0,458
八棵树,2137,2110,0.9874,2014-01-01,2024-06-28,3832,0.5506,1.0,3.0,141.0,0.0,665.0,3.58,36.0331,0,26
八道江,3082,2415,0.7836,2014-01-21,2024-06-28,3812,0.6335,0.75,3.0,141.0,0.0,1300.0,12.8,45.8074,0,87
公主屯,1019,873,0.8567,2014-01-01,2024-06-28,3832,0.2278,1.0,10.0,757.0,0.0,410.0,3.0,36.9386,0,188
公主岭,2605,1360,0.5221,2016-06-01,2024-06-28,2950,0.461,0.75,4.0,160.0,0.0,38.0,0.38,3.1726,0,646
六间房,2204,2201,0.9986,2014-01-01,2024-06-28,3832,0.5744,1.0,2.0,141.0,0.0,2470.0,78.0,358.0571,0,10
关家屯,926,925,0.9989,2014-01-01,2024-06-28,3832,0.2414,1.0,10.0,1140.0,0.097,252.0,3.6,18.7574,0,0
兴隆坡,2874,2103,0.7317,2014-06-03,2024-06-28,3679,0.5716,1.0,2.0,244.0,0.0,112.0,0.98,4.8206,0,711
农安,2675,1929,0.7211,2014-01-11,2024-06-28,3822,0.5047,1.0,6.0,141.0,0.0,425.0,23.0,69.8799,0,58
冰峪沟,1093,1084,0.9918,2014-01-01,2024-06-28,3832,0.2829,1.0,10.0,806.25,0.0,319.0,2.0,17.7036,0,42
凌海,2043,2041,0.999,2014-01-01,2024-06-28,3832,0.5326,1.0,3.0,141.0,0.53,565.0,19.3,52.7453,0,0
前家把(自),18,18,1.0,2022-07-21,2022-07-31,11,1.6364,0.75,1.0,1.0,25.0,202.0,55.0,51.8295,0,0
北口前,182,182,1.0,2014-01-01,2014-12-21,355,0.5127,1.0,3.0,11.0,1.5,93.5,5.9,13.6161,0,0
十屋,2335,1345,0.576,2014-06-03,2024-06-28,3679,0.3656,0.75,1.6,259.0,0.0,265.0,0.35,9.6705,0,570
南甸,2122,2109,0.9939,2014-01-01,2024-06-28,3832,0.5504,1.0,3.0,141.0,0.312,1100.0,2.0,45.2965,0,0
南章党,736,736,1.0,2014-01-01,2020-05-21,2333,0.3155,1.0,10.0,141.0,0.145,444.0,1.975,19.0771,0,0
占贝,1512,1512,1.0,2014-01-01,2024-06-28,3832,0.3946,1.0,2.0,1138.25,0.383,284.0,3.0,42.6133,0,0
口前,2651,2055,0.7752,2014-03-01,2024-06-28,3773,0.5447,0.75,4.0,141.0,0.0,720.0,5.0,27.4213,0,161
叶柏寿,345,345,1.0,2014-01-01,2017-03-21,1176,0.2934,1.0,10.0,141.0,0.014,1.4,0.03,0.1149,0,0
司屯,668,661,0.9895,2014-01-01,2020-06-01,2344,0.282,1.0,10.0,141.0,0.0,34.6,0.3,2.5356,0,8
吉林,3860,3173,0.822,2014-01-21,2024-06-28,3812,0.8324,0.75,2.0,153.0,0.0,3330.0,420.0,419.5917,0,31
哈巴气,960,923,0.9615,2014-01-01,2024-06-28,3832,0.2409,1.0,10.0,1138.25,0.0,103.0,0.256,3.4443,0,182
哈拉道口,1418,593,0.4182,2014-06-11,2024-06-28,3671,0.1615,1.0,2.0,361.0,0.0,54.0,0.0,3.4707,0,554
唐马寨,3508,3506,0.9994,2014-01-01,2024-06-28,3832,0.9149,1.0,1.0,134.0,3.8,1000.0,35.25,115.6119,0,0
复兴堡,1553,1552,0.9994,2014-01-01,2024-06-28,3832,0.405,1.0,6.0,754.0,0.8,584.0,4.0,31.8229,0,0
大河泡,1187,1187,1.0,2014-03-21,2024-06-28,3753,0.3163,1.0,10.0,1138.25,1.0,174.0,3.8,12.5971,0,0
大甸子,2175,1811,0.8326,2014-01-11,2024-06-28,3822,0.4738,0.75,7.0,141.0,0.0,447.0,15.0,29.5318,0,89
大石寨,2625,2573,0.9802,2014-06-03,2024-06-28,3679,0.6994,1.0,2.0,219.0,0.27,296.0,9.85,31.2278,0,0
大蒲柴河,2167,1789,0.8256,2014-01-11,2024-06-28,3822,0.4681,0.75,7.0,141.0,0.0,493.0,14.0,36.5185,0,98
大赉,4074,3837,0.9418,2014-01-07,2024-06-28,3826,1.0029,1.0,1.0,135.0,0.0,7230.0,352.0,1174.7731,0,408
天桥岭,1720,1418,0.8244,2014-05-26,2024-06-28,3686,0.3847,0.75,2.0,244.0,0.0,380.0,14.7,35.9497,0,48
孤山子,659,379,0.5751,2014-06-03,2020-06-01,2191,0.173,1.0,6.0,244.0,0.55,193.0,4.84,15.6534,0,0
宝力镇,1595,1517,0.9511,2014-01-01,2024-06-28,3832,0.3959,1.0,3.875,756.0,0.0,270.0,2.7,24.2598,0,5
察尔森,2076,1985,0.9562,2014-06-03,2024-06-28,3679,0.5395,1.0,1.0,299.0,0.0,251.0,33.0,38.0491,0,6
察尔森坝下,1412,1410,0.9986,2014-01-01,2020-12-31,2557,0.5514,1.0,2.0,154.0,0.0,240.0,2.55,29.5775,0,554
小林子,2151,2149,0.9991,2014-01-01,2024-06-28,3832,0.5608,1.0,2.75,141.0,6.0,1250.0,50.0,134.9441,0,0
小荒地,1098,1030,0.9381,2014-01-01,2024-06-28,3832,0.2688,1.0,10.0,757.0,0.0,835.0,2.21,54.2185,0,128
平安堡,2138,2136,0.9991,2014-01-01,2024-06-28,3832,0.5574,1.0,2.55,141.0,3.0,2990.0,83.0,377.0973,0,0
庆云堡,552,550,0.9964,2014-06-03,2020-06-01,2191,0.251,1.0,2.0,254.0,0.0,39.0,2.5,6.0992,0,5
开原,2134,2131,0.9986,2014-01-01,2024-06-28,3832,0.5561,1.0,2.75,141.0,0.0,1380.0,11.2,95.6992,0,16
彰武,2054,1931,0.9401,2014-01-01,2024-06-28,3832,0.5039,1.0,3.0,141.0,0.0,347.0,4.0,19.3764,0,22
德惠,2536,1914,0.7547,2014-01-11,2024-06-28,3822,0.5008,1.0,6.0,141.0,0.0,756.0,14.0,120.3737,0,89
扶余,3863,3792,0.9816,2014-01-07,2024-06-28,3826,0.9911,1.0,1.0,135.0,0.0,3320.0,413.0,482.4586,0,25
抚顺,2130,2128,0.9991,2014-01-01,2024-06-28,3832,0.5553,1.0,2.75,141.0,0.0,1150.0,8.5,96.1675,0,3
文家街,1028,1028,1.0,2014-06-03,2024-06-28,3679,0.2794,1.0,1.0,754.0,0.4,2050.0,18.95,159.7703,0,0
新井,1413,575,0.4069,2014-06-11,2024-06-28,3671,0.1566,1.0,2.0,716.0,0.0,12.5,0.0,1.2434,0,549
新农,848,835,0.9847,2021-06-06,2024-06-28,1119,0.7462,0.75,2.0,41.0,0.0,1240.0,60.0,165.3414,0,6
新民,428,378,0.8832,2014-01-01,2018-03-22,1542,0.2451,1.0,6.4,305.0,0.0,100.0,2.0,9.174,0,41
望宝山,1510,1466,0.9709,2014-01-01,2024-06-28,3832,0.3826,1.0,10.0,141.0,0.0,416.0,3.0,25.4691,0,1
朝阳,3515,3250,0.9246,2014-01-01,2024-06-28,3832,0.8481,1.0,1.0,134.0,0.0,95.0,4.5,10.3984,0,33
本溪,2134,2132,0.9991,2014-01-01,2024-06-28,3832,0.5564,1.0,2.75,141.0,2.0,1070.0,29.0,91.7255,0,0
杜尔基,2171,2061,0.9493,2014-06-03,2024-06-28,3679,0.5602,1.0,2.0,188.0,0.0,200.0,1.78,10.6577,0,42
松树,1220,1213,0.9943,2014-01-01,2024-06-28,3832,0.3165,1.0,10.0,1135.0,0.0,1030.0,2.1,47.9062,0,24
松江,2378,1846,0.7763,2014-01-11,2024-06-28,3822,0.483,1.0,7.0,141.0,0.0,430.0,13.6,21.8742,0,64
松花江,2072,1723,0.8316,2014-01-11,2024-06-28,3822,0.4508,1.0,8.0,141.0,0.0,2740.0,524.0,480.2264,0,17
柳河,283,11,0.0389,2014-01-21,2016-05-30,861,0.0128,0.5,0.75,0.75,0.0,0.0,0.0,0.0,0,11
柴河,2133,2108,0.9883,2014-01-01,2024-06-28,3832,0.5501,1.0,3.0,141.0,0.0,530.0,3.25,28.6126,0,9
样子哨,2322,1881,0.8101,2014-01-21,2024-06-28,3812,0.4934,1.0,6.0,151.0,0.0,772.0,11.5,39.2252,0,199
桥头,2060,1832,0.8893,2014-01-01,2024-06-28,3832,0.4781,1.0,10.0,137.0,0.0,1360.0,4.52,46.8814,0,177
梅河口,263,263,1.0,2014-01-21,2016-01-01,711,0.3699,1.0,10.0,30.0,0.038,194.0,2.6,18.4712,0,0
梨庇峪,596,596,1.0,2014-06-03,2020-06-01,2191,0.272,1.0,2.0,244.0,0.19,91.0,1.495,7.1443,0,0
梨树,2821,2231,0.7909,2014-01-11,2024-06-28,3822,0.5837,0.75,3.0,164.0,0.0,141.0,1.0,7.2788,0,291
梨树沟,292,292,1.0,2014-06-03,2018-06-22,1481,0.1972,1.0,2.0,282.0,3.45,1390.0,49.05,178.5738,0,0
梨树镇,1859,1837,0.9882,2014-01-01,2020-07-30,2403,0.7645,1.0,2.0,135.0,0.075,1800.0,30.1,103.4197,0,0
榆树,2635,1861,0.7063,2014-01-11,2024-06-28,3822,0.4869,1.0,4.0,146.0,0.0,171.0,2.0,17.9651,0,195
榆树川,2096,1832,0.874,2014-01-11,2024-06-28,3822,0.4793,1.0,6.0,141.0,0.0,257.0,7.0,19.8561,0,102
横道子,2497,2153,0.8622,2014-02-01,2024-06-28,3801,0.5664,0.75,3.0,141.0,0.0,168.0,7.2,13.6599,0,98
民立,2666,2072,0.7772,2014-02-01,2024-06-28,3801,0.5451,0.75,4.0,141.0,0.0,573.0,4.0,32.1395,0,134
汉阳屯,2335,2084,0.8925,2014-01-11,2024-06-28,3822,0.5453,1.0,4.8,141.0,0.0,1510.0,99.7,128.8596,0,27
沈阳,3522,3519,0.9991,2014-01-01,2024-06-28,3832,0.9183,1.0,1.0,134.0,3.0,1330.0,18.0,84.1893,0,0
沙里寨,1507,1506,0.9993,2014-01-01,2024-06-28,3832,0.393,1.0,10.0,141.0,3.4,4070.0,37.0,305.856,0,0
沙里涂,781,780,0.9987,2014-01-01,2020-06-01,2344,0.3328,1.0,10.0,141.0,0.0,110.0,1.205,6.6309,0,6
沟门子(四),1482,597,0.4028,2014-06-02,2024-06-28,3680,0.1622,1.0,2.0,673.0,0.0,158.0,0.0,6.5965,0,549
洮南,2581,1778,0.6889,2014-01-11,2024-06-28,3822,0.4652,0.75,2.0,993.0,0.0,1290.0,14.0,131.422,0,564
海城,432,432,1.0,2014-01-01,2017-04-05,1191,0.3627,1.0,10.0,141.0,0.4,65.0,3.2,8.9504,0,0
漫江,2908,2485,0.8545,2014-01-21,2024-06-28,3812,0.6519,0.75,3.0,138.0,0.0,239.0,12.9,14.7777,0,64
熊岳,1504,1302,0.8657,2014-01-01,2024-06-25,3829,0.34,1.0,10.0,253.0,0.0,402.0,1.0,15.7173,0,494
牛头山,1256,672,0.535,2014-06-07,2023-06-26,3307,0.2032,1.0,1.0,362.0,0.0,1313.0,51.5,123.8074,0,122
王回窝堡,15,15,1.0,2014-01-01,2014-05-21,141,0.1064,10.0,10.7,11.0,0.9,6.0,2.1,1.762,0,0
王奔,4172,3780,0.906,2014-01-07,2024-06-28,3826,0.988,1.0,1.0,134.0,0.0,979.0,15.0,84.366,0,235
王宝庆,1636,1636,1.0,2014-04-04,2024-06-28,3739,0.4376,1.0,2.75,756.0,0.901,361.0,5.8,27.5451,0,0
珠尔山,811,199,0.2454,2014-06-13,2024-06-28,3669,0.0542,1.0,1.0,2503.0,0.0,0.0,0.0,0.0,0,199
白云胡硕,2133,1905,0.8931,2014-06-03,2024-06-28,3679,0.5178,1.0,2.0,188.0,0.0,225.0,7.0,20.2185,0,38
白庙子,593,587,0.9899,2014-06-03,2020-06-01,2191,0.2679,1.0,2.0,253.0,0.01,6.68,0.094,1.102,0,0
石门子,782,708,0.9054,2014-01-01,2024-06-28,3832,0.1848,1.0,10.0,1138.25,0.0,292.0,0.675,17.1813,0,54
磨盘山,1755,1540,0.8775,2014-06-03,2024-06-28,3679,0.4186,0.75,1.0,244.0,0.0,1490.0,48.8,107.9829,0,16
福德店,2154,2152,0.9991,2014-01-01,2024-06-28,3832,0.5616,1.0,2.25,141.0,1.05,920.0,18.5,118.2133,0,0
红旗堡,826,201,0.2433,2014-06-03,2024-06-28,3679,0.0546,1.0,2.0,1510.0,0.0,180.0,0.0,12.6962,0,200
耿王庄,1122,1122,1.0,2014-01-01,2020-06-01,2344,0.4787,1.0,4.0,141.0,0.0,526.0,1.0,26.0902,0,3
胡家,299,193,0.6455,2016-07-30,2024-06-28,2891,0.0668,1.0,10.0,764.0,0.0,233.0,0.0,23.128,0,178
腰屯,795,170,0.2138,2014-06-03,2024-06-28,3679,0.0462,1.0,1.0,2549.0,0.0,0.0,0.0,0.0,0,170
茧场,1522,1521,0.9993,2014-01-01,2024-06-28,3832,0.3969,1.0,10.0,141.0,0.0,1050.0,4.0,47.1041,0,1
蔡家沟,4075,3708,0.9099,2014-01-07,2024-06-28,3826,0.9692,1.0,1.0,134.0,0.0,4900.0,50.0,287.7235,0,136
蛟河,2661,2038,0.7659,2014-01-21,2024-06-28,3812,0.5346,0.75,5.0,151.0,0.0,612.0,17.9,56.0359,0,44
赤峰(五),1721,835,0.4852,2014-04-21,2024-06-28,3722,0.2243,1.0,2.0,706.75,0.0,45.2,0.0,3.2151,0,533
辽中,2472,2470,0.9992,2014-01-01,2024-06-28,3832,0.6446,1.0,1.75,141.0,2.0,2540.0,75.0,347.0631,0,0
辽阳,2147,2079,0.9683,2014-01-01,2024-06-28,3832,0.5425,1.0,3.0,141.0,0.0,980.0,27.0,129.864,0,15
通江口,2176,2174,0.9991,2014-01-01,2024-06-28,3832,0.5673,1.0,2.0,141.0,2.73,1540.0,30.1,168.3523,0,0
通辽(五),1178,465,0.3947,2015-06-30,2024-06-28,3287,0.1415,1.0,1.0,109.0,0.0,0.0,0.0,0.0,0,465
邢家窝棚,2281,2279,0.9991,2014-01-01,2024-06-28,3832,0.5947,1.0,2.0,141.0,3.04,1200.0,37.5,120.7486,0,0
郑家屯,3017,2034,0.6742,2014-01-11,2024-06-28,3822,0.5322,0.75,1.0,627.0,0.0,399.0,1.0,32.3534,0,560
郝家店,728,728,1.0,2014-01-01,2020-06-01,2344,0.3106,1.0,10.0,141.0,0.107,66.8,0.923,4.7196,0,0
长岭,2702,2066,0.7646,2014-01-11,2024-06-28,3822,0.5406,1.0,4.0,137.0,0.0,674.0,10.9,47.4898,0,214
阜新,1116,1107,0.9919,2014-01-01,2024-06-28,3832,0.2889,1.0,10.0,790.0,0.0,58.0,0.5,2.7636,0,10
靖宇,2772,2274,0.8203,2014-01-21,2024-06-28,3812,0.5965,0.75,4.0,141.0,0.0,278.0,2.0,14.0516,0,84
韩家杖子,1347,1026,0.7617,2014-01-01,2024-06-28,3832,0.2677,1.0,10.0,306.0,0.0,310.0,0.19,16.0759,0,184
马虎山,2151,2148,0.9986,2014-01-01,2024-06-28,3832,0.5605,1.0,2.25,141.0,0.89,2320.0,79.0,312.8995,0,0
高丽城子,2831,2391,0.8446,2014-01-21,2024-06-28,3812,0.6272,0.75,3.0,141.0,0.0,897.0,60.0,81.3113,0,32
黄腊坨,2160,2157,0.9986,2014-01-01,2024-06-28,3832,0.5629,1.0,2.5,141.0,4.0,1080.0,25.0,102.1311,0,0
龙山,4449,3180,0.7148,2014-01-01,2024-06-28,3831,0.8301,1.0,2.0,134.25,0.0,787.0,18.6,39.8394,0,287
